Title,Name,Email Address,link,Image
"Master's Student","Airey Lau",airey.lau@yale.edu,lau.html,lau_bio.jpg
"Yale Undergraduate","Sabrina Malak",sabrina.malak@yale.edu,malak.html,malak_bio.jpg
"Yale Undergraduate","William Moran",william.moran@yale.edu,moran.html,moran_bio.jpg
"Research Assistant","Cora Mukerji",cora.mukerji@yale.edu,mukerji.html,mukerji_bio.jpg