Title,Name,Email Address,link,Image
"Research Assistant","Christopher A. Bailey",christopher.a.bailey@yale.edu,bailey.html,bailey_bio.jpg
"Research Assistant","Allison Fogel",allisonfogel@gmail.com,fogel.html,fogel_bio.jpg
"Faculty","Nicole Landi, Ph.D.",landi@haskins.yale.edu,landi.html,landi_bio.jpg
"Yale Undergraduate","Sabrina Malak",sabrina.malak@yale.edu,malak.html,malak_bio.jpg
